,Año,Trimestre,Provincia,HASTA 512 kbps,+ 512 Kbps - 1 Mbps,+ 1 Mbps - 6 Mbps,+ 6 Mbps - 10 Mbps,+ 10 Mbps - 20 Mbps,+ 20 Mbps - 30 Mbps,+ 30 Mbps,OtrasMediciones,TotalMediciones
0,2022,3,buenos aires,29985,27709,290315,297915,267044,124190,3618689,65821.0,4721668
1,2022,3,capital federal,517,5742,34371,67829,51946,28692,1253105,105477.0,1547679
2,2022,3,catamarca,71,384,3107,5389,5099,3737,50298,2208.0,70293
3,2022,3,chaco,461,987,16782,18938,8049,15828,79390,3711.0,144146
4,2022,3,chubut,109,1444,45707,30940,34682,15309,17563,20024.0,165778
5,2022,3,córdoba,99,11312,153324,111615,70989,27112,650344,13873.0,1038668
6,2022,3,corrientes,67,3865,23427,23948,7776,21706,56950,7107.0,144846
7,2022,3,entre ríos,107,5549,47210,46855,18263,32021,102195,16759.0,268959
8,2022,3,formosa,97,307,23538,19545,6194,564,17704,589.0,68538
9,2022,3,jujuy,58,1879,19135,15254,36083,519,45895,0.0,118823
10,2022,3,la pampa,68,1887,61540,9653,11592,5609,22731,3012.0,116092
11,2022,3,la rioja,18,689,2842,3375,24219,5331,50390,0.0,86864
12,2022,3,mendoza,103,2953,44232,21977,48201,17243,150043,4771.0,289523
13,2022,3,misiones,51,3749,36628,20758,12676,19615,80330,8350.0,182157
14,2022,3,neuquén,134,991,38485,14080,9200,6700,78713,14858.0,163161
15,2022,3,río negro,111,1221,32936,17860,27934,13629,42596,24271.0,160558
16,2022,3,salta,114,1490,32923,71199,5662,1001,85661,6491.0,204541
17,2022,3,san juan,24,2027,30324,11247,22157,6780,19221,11619.0,103399
18,2022,3,san luis,60,307,6563,20813,12061,67438,13,14815.0,122070
19,2022,3,santa cruz,52,6841,12342,11313,11378,2333,4604,647.0,49510
20,2022,3,santa fe,468,11132,132709,198588,70897,57455,396352,20209.0,887810
21,2022,3,santiago del estero,178,1384,28357,58982,16087,910,12342,792.0,119032
22,2022,3,tierra del fuego,22,831,12002,14815,20102,1752,1021,3351.0,53896
23,2022,3,tucumán,39,2047,32571,39018,25214,4348,159600,280.0,263117
24,2022,2,buenos aires,30639,28323,295238,307554,273954,129869,3535757,65849.0,4667183
25,2022,2,capital federal,517,5980,36036,72434,55372,31571,1229254,105607.0,1536771
26,2022,2,catamarca,71,413,3678,6155,7165,3393,43926,2207.0,67008
27,2022,2,chaco,461,1047,17603,20109,8391,15974,76271,3708.0,143564
28,2022,2,chubut,109,1444,45804,31217,34290,14526,15394,20021.0,162805
29,2022,2,córdoba,99,11971,160486,120485,71923,28645,619400,13426.0,1026435
30,2022,2,corrientes,67,3937,24253,24842,8001,21719,55071,7107.0,144997
31,2022,2,entre ríos,107,5656,48637,48557,18512,32355,98769,16759.0,269352
32,2022,2,formosa,97,407,23834,19706,6330,591,16326,590.0,67881
33,2022,2,jujuy,58,1829,19458,15790,37786,549,37391,2453.0,115314
34,2022,2,la pampa,68,1887,62546,9842,11800,5247,17125,3012.0,111527
35,2022,2,la rioja,18,728,3179,3890,23814,5481,48920,0.0,86030
36,2022,2,mendoza,103,2954,44961,22557,64138,19543,121366,3940.0,279562
37,2022,2,misiones,51,3808,37254,21712,12774,19757,75107,8350.0,178813
38,2022,2,neuquén,134,999,38826,15066,9205,2039,76982,18717.0,161968
39,2022,2,río negro,111,1227,33364,17938,27168,13714,41972,24270.0,159764
40,2022,2,salta,114,1530,33732,72661,6012,1156,81478,6494.0,203177
41,2022,2,san juan,24,2027,30385,11276,24649,3728,16701,11617.0,100407
42,2022,2,san luis,60,306,6840,21217,11052,67438,13,14815.0,121741
43,2022,2,santa cruz,52,6841,12348,11369,11885,2454,3592,644.0,49185
44,2022,2,santa fe,468,11757,138534,204381,74133,58114,373888,17584.0,878859
45,2022,2,santiago del estero,178,1401,29581,59931,14606,883,10672,792.0,118044
46,2022,2,tierra del fuego,22,831,12052,14828,19968,1712,1006,3351.0,53770
47,2022,2,tucumán,39,2195,34461,43513,23634,4863,145541,281.0,254527
48,2022,1,buenos aires,31591,30056,313382,321756,290127,161183,3381049,26280.0,4555424
49,2022,1,capital federal,527,5575,39918,77390,61053,43289,1188072,1717.0,1417541
50,2022,1,catamarca,71,456,4386,7009,8773,3761,35715,2207.0,62378
51,2022,1,chaco,461,1099,16888,21235,20898,13012,62946,7580.0,144119
52,2022,1,chubut,113,1677,61369,31856,33080,13871,14055,15607.0,171628
53,2022,1,córdoba,100,12782,165922,126009,73967,34892,577027,13104.0,1003803
54,2022,1,corrientes,67,4029,24563,25665,27077,10452,43631,7094.0,142578
55,2022,1,entre ríos,107,5745,50075,49620,42294,21578,81757,16750.0,267926
56,2022,1,formosa,97,448,24113,6945,6613,716,15028,588.0,54548
57,2022,1,jujuy,58,1761,22141,16321,37923,576,35287,2442.0,116509
58,2022,1,la pampa,301,2223,62812,9869,12044,5250,14400,2833.0,109732
59,2022,1,la rioja,18,778,3576,4692,23624,5645,45970,0.0,84303
60,2022,1,mendoza,114,3355,51230,26407,74178,21566,95048,3287.0,275185
61,2022,1,misiones,51,3873,35655,22261,26855,15854,58610,8349.0,171508
62,2022,1,neuquén,137,1123,39856,15623,11163,2654,71238,7885.0,149679
63,2022,1,río negro,116,1383,35565,18859,26926,14144,37729,22652.0,157374
64,2022,1,salta,114,1725,35576,68246,6313,2214,76838,6489.0,197515
65,2022,1,san juan,26,2269,32356,11914,25144,2088,11916,2465.0,88178
66,2022,1,san luis,61,643,8287,3837,9802,68612,13,28589.0,119844
67,2022,1,santa cruz,51,6898,12710,11502,12277,2628,2551,485.0,49102
68,2022,1,santa fe,468,12435,143796,208361,84787,58018,344170,18444.0,870479
69,2022,1,santiago del estero,178,1401,30220,61170,13542,849,8309,792.0,116461
70,2022,1,tierra del fuego,24,894,12849,15640,18034,1767,982,2421.0,52611
71,2022,1,tucumán,39,2212,36028,46961,21014,5211,133846,273.0,245584
72,2021,4,buenos aires,37821,11026,352950,331292,297296,196021,3259793,22958.0,4509157
73,2021,4,capital federal,563,1695,47133,81899,66135,66755,1147939,0.0,1412119
74,2021,4,catamarca,71,0,6038,7855,9804,3262,29827,2233.0,59090
75,2021,4,chaco,461,112,18845,22678,21937,13692,58435,7585.0,143745
76,2021,4,chubut,126,1294,63698,39568,31175,5780,2904,15763.0,160308
77,2021,4,córdoba,100,2479,184548,130892,76246,41198,538700,12607.0,986770
78,2021,4,corrientes,67,645,28830,26368,22922,10087,39911,7082.0,135912
79,2021,4,entre ríos,107,3024,56043,49636,38295,24068,77290,16583.0,265046
80,2021,4,formosa,84,0,22908,6983,6811,1135,13775,1967.0,53663
81,2021,4,jujuy,58,175,22446,16793,38134,564,33421,2324.0,113915
82,2021,4,la pampa,301,493,64840,9082,12259,4821,12184,3027.0,107007
83,2021,4,la rioja,18,1,5018,5437,23559,5671,43424,0.0,83128
84,2021,4,mendoza,156,1463,66428,30308,75214,18621,75031,366.0,267587
85,2021,4,misiones,51,5,41916,23554,26721,15954,54596,8335.0,171132
86,2021,4,neuquén,140,940,42313,13264,10515,3310,69217,7767.0,147466
87,2021,4,río negro,156,1174,38373,19878,31255,4130,36142,22645.0,153753
88,2021,4,salta,114,20,40673,69324,6642,3535,72622,6475.0,199405
89,2021,4,san juan,44,1442,28906,10955,23978,398,9800,4435.0,79958
90,2021,4,san luis,62,264,8550,4276,9107,67363,9,29218.0,118849
91,2021,4,santa cruz,52,297,20305,11641,13054,1770,876,491.0,48486
92,2021,4,santa fe,467,581,169706,206856,85690,62349,322015,18777.0,866441
93,2021,4,santiago del estero,178,909,31915,61524,12205,800,7537,793.0,115861
94,2021,4,tierra del fuego,26,385,13505,16534,16562,1748,1017,2580.0,52357
95,2021,4,tucumán,39,97,37321,48736,21023,5326,125857,240.0,238639
96,2021,3,buenos aires,37193,31149,1108940,248153,141383,192797,2482266,9728.0,4251609
97,2021,3,capital federal,295,603,156978,67013,39785,73502,1075229,0.0,1413405
98,2021,3,catamarca,71,0,6755,8428,10517,1659,26618,2206.0,56254
99,2021,3,chaco,301,112,22545,20986,23852,14412,49705,7958.0,139871
100,2021,3,chubut,104,105,89168,26281,18538,5320,1643,14907.0,156066
101,2021,3,córdoba,99,2452,204989,141285,65050,47198,476459,9256.0,946788
102,2021,3,corrientes,67,645,29629,28478,24792,9687,35468,5053.0,133819
103,2021,3,entre ríos,107,3024,61354,59776,39114,16284,67961,12755.0,260375
104,2021,3,formosa,381,0,22778,7142,6978,1192,12707,1617.0,52795
105,2021,3,jujuy,48,175,23884,16417,37755,561,29917,2401.0,111158
106,2021,3,la pampa,298,313,65063,7395,8737,4023,10506,4152.0,100487
107,2021,3,la rioja,18,1,5366,5979,23315,4868,42613,0.0,82160
108,2021,3,mendoza,36,31,151871,12640,62628,7596,21087,50.0,255939
109,2021,3,misiones,51,5,41932,25099,26079,14792,42291,8279.0,158528
110,2021,3,neuquén,112,327,57441,8566,6234,3631,57919,5579.0,139809
111,2021,3,río negro,125,557,68991,3730,14880,2282,34011,20009.0,144585
112,2021,3,salta,101,20,41431,70104,6962,3878,67010,6327.0,195833
113,2021,3,san juan,18,333,59873,752,13250,338,278,4641.0,79483
114,2021,3,san luis,60,0,11552,2405,6491,67942,22,29392.0,117864
115,2021,3,santa cruz,50,0,30561,8365,6799,1788,678,735.0,48976
116,2021,3,santa fe,467,579,193207,201250,83941,55080,290793,16267.0,841584
117,2021,3,santiago del estero,123,909,32752,61838,11274,801,6863,898.0,115458
118,2021,3,tierra del fuego,17,0,23723,13397,9782,1433,976,895.0,50223
119,2021,3,tucumán,32,97,39446,50293,21986,5300,115154,164.0,232472
120,2021,2,buenos aires,37192,31178,1096049,244001,140322,236897,2337604,9108.0,4132351
121,2021,2,capital federal,294,603,157558,73568,43859,86655,1037752,66.0,1400355
122,2021,2,catamarca,71,0,7219,9091,6828,4941,25388,2206.0,55744
123,2021,2,chaco,301,112,23444,21574,24032,16069,47239,7958.0,140729
124,2021,2,chubut,104,105,89639,22605,16604,3896,1112,5172.0,139237
125,2021,2,córdoba,99,2452,201757,136516,66950,70824,442357,9925.0,930880
126,2021,2,corrientes,67,645,29419,27037,24524,10059,32697,5053.0,129501
127,2021,2,entre ríos,107,3024,63518,55349,39468,18484,61605,16077.0,257632
128,2021,2,formosa,381,0,22364,7310,7460,1341,11077,1618.0,51551
129,2021,2,jujuy,48,175,24182,16577,37908,607,29950,2401.0,111848
130,2021,2,la pampa,298,554,64146,7769,8128,3399,9311,4062.0,97667
131,2021,2,la rioja,18,1,5312,5971,23298,4825,42158,19.0,81602
132,2021,2,mendoza,36,31,137462,10886,56117,4403,20686,50.0,229671
133,2021,2,misiones,51,5,41643,25907,25811,16172,38308,8279.0,156176
134,2021,2,neuquén,112,327,57713,8631,5871,5943,54008,5645.0,138250
135,2021,2,río negro,125,557,69356,3663,15019,3867,31488,20009.0,144084
136,2021,2,salta,101,20,42543,67012,7099,9654,58882,6328.0,191639
137,2021,2,san juan,18,333,59989,784,12550,340,278,4641.0,78933
138,2021,2,san luis,60,0,11752,2703,5418,65946,22,36917.0,122818
139,2021,2,santa cruz,50,0,30595,8463,6888,1575,676,735.0,48982
140,2021,2,santa fe,467,896,202018,204077,80452,75195,262124,15371.0,840600
141,2021,2,santiago del estero,123,909,32034,62224,10359,811,6064,1566.0,114090
142,2021,2,tierra del fuego,17,0,21335,6913,4580,476,889,1483.0,35693
143,2021,2,tucumán,32,97,40224,51648,23732,5022,109616,2680.0,233051
144,2021,1,buenos aires,36939,31187,1108368,240520,163747,222061,2246313,10867.0,4060002
145,2021,1,capital federal,135,244,159662,76753,56457,83255,1003041,126.0,1379673
146,2021,1,catamarca,71,0,7423,8455,10115,712,22996,2196.0,51968
147,2021,1,chaco,301,112,24357,22102,27556,14496,42462,8384.0,139770
148,2021,1,chubut,106,109,86986,21401,15392,2844,1112,4390.0,132340
149,2021,1,córdoba,93,2386,211799,135092,74659,71984,402191,12677.0,910881
150,2021,1,corrientes,67,527,31544,26223,26169,9001,27641,5453.0,126625
151,2021,1,entre ríos,105,2911,67255,56060,42432,15774,54600,12826.0,251963
152,2021,1,formosa,56,0,22409,7569,7916,1215,9579,1942.0,50686
153,2021,1,jujuy,49,175,23735,17293,40649,568,25609,2378.0,110456
154,2021,1,la pampa,298,554,68200,7864,7611,2786,7368,2424.0,97105
155,2021,1,la rioja,18,1,36749,5968,4604,215,5074,-1.0,52628
156,2021,1,mendoza,28,40,134386,11216,52533,4061,16615,44.0,218923
157,2021,1,misiones,51,524,40949,25503,27101,14050,32953,8256.0,149387
158,2021,1,neuquén,116,327,56171,8443,5903,5677,50840,5758.0,133235
159,2021,1,río negro,125,466,70011,4187,13045,3642,29589,20103.0,141168
160,2021,1,salta,109,20,40785,68149,9164,8139,54889,6319.0,187574
161,2021,1,san juan,25,194,60439,858,11494,340,276,4641.0,78267
162,2021,1,san luis,58,0,11889,2926,4429,62913,22,36917.0,119154
163,2021,1,santa cruz,50,0,30655,8334,6987,1337,647,-1945.0,46065
164,2021,1,santa fe,518,891,201632,204458,91846,65476,236924,24382.0,826127
165,2021,1,santiago del estero,123,909,33884,58464,8549,700,4868,4144.0,111641
166,2021,1,tierra del fuego,17,0,21379,1468,4317,486,919,11836.0,40422
167,2021,1,tucumán,29,97,42810,53416,25255,4188,103437,2680.0,231912
168,2020,4,buenos aires,36939,31197,1109865,242243,214171,213588,2176242,9016.0,4033261
169,2020,4,capital federal,135,244,160210,78123,60208,80269,1000073,268.0,1379530
170,2020,4,catamarca,71,0,8843,8740,11436,591,20406,2309.0,52396
171,2020,4,chaco,301,112,24782,22479,26802,15701,40949,7965.0,139091
172,2020,4,chubut,106,109,88157,21824,12046,2818,1112,4402.0,130574
173,2020,4,córdoba,119,2386,214963,135262,82221,70013,384169,13568.0,902701
174,2020,4,corrientes,67,527,31900,26321,25687,9383,26789,4985.0,125659
175,2020,4,entre ríos,105,2911,65659,53556,40755,16600,53141,14654.0,247381
176,2020,4,formosa,56,0,23540,7606,7181,1197,8946,1680.0,50206
177,2020,4,jujuy,49,182,23772,14379,44930,446,19282,2811.0,105851
178,2020,4,la pampa,298,554,70184,8124,6562,2396,6257,2520.0,96895
179,2020,4,la rioja,18,1,36906,6060,4633,181,4979,0.0,52778
180,2020,4,mendoza,28,40,146312,11172,40396,3378,11557,2570.0,215453
181,2020,4,misiones,51,524,39988,26078,26445,14810,32264,7001.0,147161
182,2020,4,neuquén,116,327,56434,8478,5791,5493,50776,5720.0,133135
183,2020,4,río negro,125,466,70305,4153,13131,3512,29372,20146.0,141210
184,2020,4,salta,109,514,41443,68829,15188,8291,46697,6319.0,187390
185,2020,4,san juan,25,194,61316,740,5126,332,275,4588.0,72596
186,2020,4,san luis,58,0,14020,3490,2688,62239,22,36918.0,119435
187,2020,4,santa cruz,47,0,27173,4382,6634,1033,647,758.0,40674
188,2020,4,santa fe,518,891,206372,203793,94246,65145,226246,23602.0,820813
189,2020,4,santiago del estero,123,909,34518,57590,4666,411,4520,3932.0,106669
190,2020,4,tierra del fuego,17,0,21881,6119,3497,488,922,6690.0,39614
191,2020,4,tucumán,29,97,44095,54334,32155,4105,93594,2680.0,231089
192,2020,3,buenos aires,37542,31514,1113823,234710,219772,194248,2085815,19853.0,3937277
193,2020,3,capital federal,264,312,162222,85083,68753,78028,977766,247.0,1372675
194,2020,3,catamarca,63,0,8276,8768,11195,562,18886,2154.0,49904
195,2020,3,chaco,308,112,24675,21639,27546,13751,38729,7194.0,133954
196,2020,3,chubut,158,109,87559,22114,12217,2818,1110,3942.0,130027
197,2020,3,córdoba,168,3064,218599,124833,84236,63823,361021,11728.0,867472
198,2020,3,corrientes,72,527,35190,23315,25308,8615,25344,5020.0,123391
199,2020,3,entre ríos,130,2911,66648,51478,40797,14377,49395,15759.0,241495
200,2020,3,formosa,391,151,23163,7432,7125,991,8219,1737.0,49209
201,2020,3,jujuy,55,182,32131,10566,45198,293,15238,3065.0,106728
202,2020,3,la pampa,293,810,66695,7820,5577,2189,6322,4029.0,93735
203,2020,3,la rioja,21,1,37105,5955,4660,124,4748,2.0,52616
204,2020,3,mendoza,58,40,141404,12123,42433,3448,8237,45.0,207788
205,2020,3,misiones,71,524,39005,24215,25942,13663,30987,8779.0,143186
206,2020,3,neuquén,218,327,60463,6561,5975,5449,49439,803.0,129235
207,2020,3,río negro,114,466,68986,3769,7096,3455,28488,19093.0,131467
208,2020,3,salta,129,514,32780,64736,15990,7928,43773,14996.0,180846
209,2020,3,san juan,48,194,65526,711,6529,41,128,4150.0,77327
210,2020,3,san luis,105,0,12199,3351,2666,61319,8,36917.0,116565
211,2020,3,santa cruz,66,0,26888,4015,6730,629,120,833.0,39281
212,2020,3,santa fe,568,1241,213353,199381,92095,58797,210562,27001.0,802998
213,2020,3,santiago del estero,133,909,33287,57418,4658,292,3994,4801.0,105492
214,2020,3,tierra del fuego,11,0,22094,5414,3726,481,937,6992.0,39655
215,2020,3,tucumán,52,97,45913,54610,33126,3246,84195,2637.0,223876
216,2020,2,buenos aires,37542,31606,1129236,241336,233132,188995,1894466,21233.0,3777546
217,2020,2,capital federal,264,312,166474,94585,79858,80160,935481,687.0,1357821
218,2020,2,catamarca,63,0,8801,8690,10242,426,16578,3176.0,47976
219,2020,2,chaco,308,928,24350,21140,29044,12082,33311,6969.0,128132
220,2020,2,chubut,158,109,69578,22188,10537,1473,614,3999.0,108656
221,2020,2,córdoba,168,4383,219025,125932,89530,63216,325243,8971.0,836468
222,2020,2,corrientes,72,527,34242,22845,25844,7898,22418,5020.0,118866
223,2020,2,entre ríos,130,3679,66758,50640,42090,12856,43391,14569.0,234113
224,2020,2,formosa,391,151,23534,7109,6998,961,7475,1313.0,47932
225,2020,2,jujuy,55,182,30548,10519,26829,209,9417,16557.0,94316
226,2020,2,la pampa,293,810,71218,7531,3800,1657,3377,1123.0,89809
227,2020,2,la rioja,21,1,37375,5661,4686,73,4336,2.0,52155
228,2020,2,mendoza,58,40,142253,12439,35274,3248,5422,2450.0,201184
229,2020,2,misiones,71,524,39867,23719,26445,12305,28763,8646.0,140340
230,2020,2,neuquén,218,327,61171,6103,6625,5296,46432,0.0,126172
231,2020,2,río negro,114,466,70817,3335,7498,3246,26953,17057.0,129486
232,2020,2,salta,129,514,41801,64463,16989,7741,39594,6531.0,177762
233,2020,2,san juan,48,194,59113,917,4908,40,127,4430.0,69777
234,2020,2,san luis,105,0,11439,3585,1934,60889,8,35992.0,113952
235,2020,2,santa cruz,66,0,26938,4166,6541,546,119,493.0,38869
236,2020,2,santa fe,568,2061,213054,198772,96575,57236,189473,20193.0,777932
237,2020,2,santiago del estero,133,1779,32557,57709,5178,247,3328,4516.0,105447
238,2020,2,tierra del fuego,11,0,22325,5186,3034,391,796,7446.0,39189
239,2020,2,tucumán,52,97,49028,54537,34184,2246,74377,2635.0,217156
240,2020,1,buenos aires,38215,36802,1122034,236421,247977,205780,1802583,28935.0,3718747
241,2020,1,capital federal,264,312,169651,102254,89665,85899,906009,0.0,1354054
242,2020,1,catamarca,63,0,8838,7543,9558,408,10299,2151.0,38860
243,2020,1,chaco,308,928,23291,19976,29851,10416,28539,6917.0,120226
244,2020,1,chubut,158,109,69586,12957,7756,1240,614,4500.0,96920
245,2020,1,córdoba,142,5128,217229,120188,95827,65733,296875,9802.0,810924
246,2020,1,corrientes,72,527,33479,21382,26679,7351,19467,4780.0,113737
247,2020,1,entre ríos,130,4081,72280,47132,41125,11988,39794,13762.0,230292
248,2020,1,formosa,1127,342,23761,6500,6564,964,6918,100.0,46276
249,2020,1,jujuy,55,182,33120,9979,26693,166,7349,16545.0,94089
250,2020,1,la pampa,293,811,72740,7199,3029,1342,2113,1618.0,89145
251,2020,1,la rioja,21,1,37209,5158,4640,22,1294,0.0,48345
252,2020,1,mendoza,58,40,140410,12285,17489,2860,3818,0.0,176960
253,2020,1,misiones,71,524,36622,21271,26433,11581,26313,10885.0,133700
254,2020,1,neuquén,218,327,60152,5257,7123,5399,43738,0.0,122214
255,2020,1,río negro,114,466,69154,2930,7857,3199,25488,17719.0,126927
256,2020,1,salta,129,514,38537,63714,17991,8625,34744,6441.0,170695
257,2020,1,san juan,48,194,59787,1594,1292,40,127,4779.0,67861
258,2020,1,san luis,105,0,11322,4164,525,58258,5,36075.0,110454
259,2020,1,santa cruz,67,11,27447,4993,5169,529,119,0.0,38335
260,2020,1,santa fe,696,2994,217553,196826,104560,48448,173823,17656.0,762556
261,2020,1,santiago del estero,133,1779,33086,56884,3737,135,2799,4501.0,103054
262,2020,1,tierra del fuego,11,1,22976,5024,1834,196,518,7046.0,37606
263,2020,1,tucumán,52,97,49555,50383,31096,1730,67536,0.0,200449
264,2019,4,buenos aires,33489,27537,1177446,262297,247106,452570,1465133,20676.0,3686254
265,2019,4,capital federal,307,15,177098,110218,110852,205810,753805,0.0,1358105
266,2019,4,catamarca,63,0,9945,7619,9305,804,7477,3098.0,38311
267,2019,4,chaco,83,0,25899,18959,30902,13516,21556,6988.0,117903
268,2019,4,chubut,158,4,69405,12945,7615,1240,614,4121.0,96102
269,2019,4,córdoba,142,0,232781,118232,109330,114111,221742,10350.0,806688
270,2019,4,corrientes,72,0,35055,20620,27367,9981,15744,4995.0,113834
271,2019,4,entre ríos,47,0,88203,44511,42962,18976,30153,14178.0,239030
272,2019,4,formosa,1127,191,24606,6319,6788,1766,5671,243.0,46711
273,2019,4,jujuy,55,0,32920,9632,26764,102,5286,14122.0,88881
274,2019,4,la pampa,293,313,76747,6900,1951,1287,1342,1566.0,90399
275,2019,4,la rioja,21,0,37846,5045,4763,22,1305,0.0,49002
276,2019,4,mendoza,746,9,145139,12955,15237,2165,2628,6901.0,185780
277,2019,4,misiones,71,0,39664,20840,27305,15626,20799,11508.0,135813
278,2019,4,neuquén,218,1,57370,4439,7357,12059,35001,0.0,116445
279,2019,4,río negro,114,0,71847,2797,8558,6968,19837,17019.0,127140
280,2019,4,salta,149,1,42159,67656,15369,14170,25821,7120.0,172445
281,2019,4,san juan,48,1,60626,1594,1292,40,127,1246.0,64974
282,2019,4,san luis,105,0,11901,4164,525,55216,3,36287.0,108201
283,2019,4,santa cruz,67,0,32368,4346,2224,7,8,350.0,39370
284,2019,4,santa fe,698,0,230234,190664,113527,70998,135576,27472.0,769169
285,2019,4,santiago del estero,133,908,34911,56309,3756,105,2449,5017.0,103588
286,2019,4,tierra del fuego,11,0,23593,5050,1848,139,1962,7789.0,40392
287,2019,4,tucumán,55,0,54544,52017,28916,6405,56707,0.0,198644
288,2019,3,buenos aires,238920,44648,1432722,222812,260506,483572,1246209,42294.0,3971683
289,2019,3,capital federal,104,368,269704,120924,138011,258591,655108,0.0,1442810
290,2019,3,catamarca,34,43,14449,9285,6333,72,15,2151.0,32382
291,2019,3,chaco,69,1216,32764,28198,13336,12987,16740,6917.0,112227
292,2019,3,chubut,74,840,62680,13033,7171,1240,614,4500.0,90152
293,2019,3,córdoba,83,5824,240151,106651,118486,146247,157546,7353.0,782341
294,2019,3,corrientes,10,597,42231,29628,10348,10388,12674,4780.0,110656
295,2019,3,entre ríos,19,4446,99656,56161,17064,21216,22645,15107.0,236314
296,2019,3,formosa,1110,349,24943,6049,7117,2262,4443,100.0,46373
297,2019,3,jujuy,27,885,31722,9240,26835,56,3671,16545.0,88981
298,2019,3,la pampa,237,3289,75849,5922,1611,1359,941,1618.0,90826
299,2019,3,la rioja,9,10,38657,4786,4887,22,1307,0.0,49678
300,2019,3,mendoza,21,1269,206821,2958,10093,1263,349,0.0,222774
301,2019,3,misiones,47,1928,43530,29375,11256,16107,16650,12206.0,131099
302,2019,3,neuquén,45,2258,62909,4586,9597,16923,28458,122.0,124898
303,2019,3,río negro,47,1234,87435,2348,9779,10176,15505,17719.0,144243
304,2019,3,salta,49,900,43160,62230,14309,11418,12357,7515.0,151938
305,2019,3,san juan,22,171,68315,2245,1267,41,128,4779.0,76968
306,2019,3,san luis,57,100,18643,5113,467,62242,5,36075.0,122702
307,2019,3,santa cruz,28,84,31612,4472,1203,27,4,0.0,37430
308,2019,3,santa fe,640,8184,242454,193286,107068,84325,97082,19537.0,752576
309,2019,3,santiago del estero,39,1832,35554,55172,3612,86,1836,34501.0,132632
310,2019,3,tierra del fuego,6,14,32133,4692,1756,82,226,9648.0,48557
311,2019,3,tucumán,16,110,71043,47693,24354,843,20385,0.0,164444
312,2019,2,buenos aires,199768,46852,1436259,217785,438663,502275,985767,43438.0,3870807
313,2019,2,capital federal,74,1027,281370,124087,239691,296155,475991,,1418395
314,2019,2,catamarca,34,43,16631,8670,6049,34,10,2151.0,33622
315,2019,2,chaco,69,1383,38488,26431,16789,15348,9904,1492.0,109904
316,2019,2,chubut,66,3952,69032,10049,1495,74,165,4500.0,89333
317,2019,2,córdoba,81,8165,248427,100512,157458,170159,76053,8938.0,769793
318,2019,2,corrientes,10,3012,40424,27774,13114,11928,7119,6080.0,109461
319,2019,2,entre ríos,18,5905,100687,52316,23196,24221,10664,17206.0,234213
320,2019,2,formosa,1110,349,26512,5399,8384,2639,2258,100.0,46751
321,2019,2,jujuy,27,940,26233,8441,26700,27,2600,21765.0,86733
322,2019,2,la pampa,236,3289,75406,5191,1366,1445,629,2661.0,90223
323,2019,2,la rioja,9,11,39819,4297,4857,13,1298,,50304
324,2019,2,mendoza,20,2522,205165,2971,10092,1256,234,,222260
325,2019,2,misiones,47,2226,45769,27385,15408,18882,8129,12206.0,130052
326,2019,2,neuquén,302,3038,61776,4688,17318,21210,14132,422.0,122886
327,2019,2,río negro,384,1354,86366,2201,10291,12407,6907,18519.0,138429
328,2019,2,salta,49,974,59638,36923,16961,14059,6461,7585.0,142650
329,2019,2,san juan,22,213,60913,2177,785,7,4,6119.0,70240
330,2019,2,san luis,57,102,16575,4964,467,57236,5,37977.0,117383
331,2019,2,santa cruz,25,84,24861,3806,1202,28,4,,30010
332,2019,2,santa fe,321,8427,300124,125176,129741,100131,49865,22323.0,736108
333,2019,2,santiago del estero,39,1832,63268,21362,3741,108,1205,34501.0,126056
334,2019,2,tierra del fuego,6,123,41824,4241,1573,96,32,,47895
335,2019,2,tucumán,16,157,78891,44296,24291,628,18394,,166673
336,2019,1,buenos aires,162513,72296,1429964,202511,576428,576859,705769,6369.0,3732709
337,2019,1,capital federal,74,7417,283787,131007,330122,365713,283463,0.0,1401583
338,2019,1,catamarca,34,1708,18761,6443,5606,29,7,2151.0,34739
339,2019,1,chaco,69,3801,38719,25632,18965,12393,6368,1035.0,106982
340,2019,1,chubut,66,3938,71077,6571,787,74,165,0.0,82678
341,2019,1,córdoba,81,20403,242769,96997,200681,127965,50716,6806.0,746418
342,2019,1,corrientes,10,6470,38402,26562,15498,9688,5029,0.0,101659
343,2019,1,entre ríos,18,9217,107013,50068,28957,18146,7619,12142.0,233180
344,2019,1,formosa,1110,3023,23085,5301,9027,2099,1654,0.0,45299
345,2019,1,jujuy,27,2817,30727,7811,4021,30,1141,37162.0,83736
346,2019,1,la pampa,236,8327,70538,4466,1061,1354,405,698.0,87085
347,2019,1,la rioja,9,1169,40285,4088,5216,17,869,0.0,51653
348,2019,1,mendoza,20,1786,205383,2837,5702,111,140,0.0,215979
349,2019,1,misiones,47,5946,45266,25890,19111,16552,5167,7654.0,125633
350,2019,1,neuquén,1328,3055,52360,1781,21452,17135,11026,6105.0,114242
351,2019,1,río negro,384,1583,84845,2037,13615,9567,5076,3719.0,120826
352,2019,1,salta,49,4232,59244,36473,22910,10861,2242,1.0,136012
353,2019,1,san juan,22,229,62380,266,520,3,2,560.0,63982
354,2019,1,san luis,57,120,21380,53214,345,6,2,23577.0,98701
355,2019,1,santa cruz,25,128,21990,2731,702,26,4,0.0,25606
356,2019,1,santa fe,333,29350,296798,122959,153212,74575,36502,18591.0,732320
357,2019,1,santiago del estero,39,3372,62895,20691,3959,85,494,0.0,91535
358,2019,1,tierra del fuego,6,131,38851,3623,641,80,29,0.0,43361
359,2019,1,tucumán,16,5188,82240,42877,26210,847,14839,0.0,172217
360,2018,4,buenos aires,134673,73761,1422463,194426,577679,949093,265386,19125.0,3636606
361,2018,4,capital federal,74,7388,283281,143309,330496,437662,186810,0.0,1389020
362,2018,4,catamarca,34,1669,17955,6425,5461,29,7,2003.0,33583
363,2018,4,chaco,69,3405,36437,25633,18965,12393,6368,0.0,103270
364,2018,4,chubut,66,3917,66061,6215,531,623,165,1144.0,78722
365,2018,4,córdoba,81,24102,228475,97277,201639,128053,48809,8903.0,737339
366,2018,4,corrientes,10,6438,37376,26562,15498,9688,5029,0.0,100601
367,2018,4,entre ríos,18,8769,94780,50027,29002,18146,7612,13693.0,222047
368,2018,4,formosa,1110,3074,22962,5285,9027,2092,1654,0.0,45204
369,2018,4,jujuy,27,2803,30727,7811,4021,30,1141,43573.0,90133
370,2018,4,la pampa,241,7727,70508,3661,978,1328,270,923.0,85636
371,2018,4,la rioja,9,1164,40285,4088,5216,17,869,3.0,51651
372,2018,4,mendoza,20,1463,197450,2494,4726,19,132,0.0,206304
373,2018,4,misiones,47,5981,43267,26019,19226,16566,5167,0.0,116273
374,2018,4,neuquén,1328,3044,52313,1781,21452,17135,11025,6287.0,114365
375,2018,4,río negro,384,1225,83412,643,13440,9569,5070,3094.0,116837
376,2018,4,salta,49,3659,58492,36365,22910,10861,2242,0.0,134578
377,2018,4,san juan,22,1465,59811,180,312,1,1,606.0,62398
378,2018,4,san luis,57,109,19164,53183,119,62,2,23635.0,96331
379,2018,4,santa cruz,25,115,23107,779,206,1,4,531.0,24768
380,2018,4,santa fe,335,31397,276301,121009,152039,74432,36427,28450.0,720390
381,2018,4,santiago del estero,39,3250,61347,20127,3686,77,483,326.0,89335
382,2018,4,tierra del fuego,6,27,29919,6323,9894,24,67,0.0,46260
383,2018,4,tucumán,16,5244,82089,42766,26111,847,14839,92.0,172004
384,2018,3,buenos aires,991,80459,1445733,190805,636090,897964,237248,120464.0,3609754
385,2018,3,capital federal,73,8493,287919,147253,370677,415020,165055,0.0,1394490
386,2018,3,catamarca,34,1994,18475,6358,5320,34,7,2151.0,34373
387,2018,3,chaco,70,3503,38729,24916,20335,11085,5667,1035.0,105340
388,2018,3,chubut,67,3951,91096,6162,531,623,164,0.0,102594
389,2018,3,córdoba,81,24767,224471,96372,221984,109333,39854,6490.0,723352
390,2018,3,corrientes,11,6754,38364,24953,16601,8357,4419,0.0,99459
391,2018,3,entre ríos,18,9048,96095,45651,31353,15111,6786,0.0,204062
392,2018,3,formosa,1110,3365,22624,5259,9336,1729,1434,0.0,44857
393,2018,3,jujuy,345,3020,29048,7756,4066,39,623,0.0,44897
394,2018,3,la pampa,242,8417,68507,3153,920,1189,216,698.0,83342
395,2018,3,la rioja,9,1291,40647,4138,5425,20,339,0.0,51869
396,2018,3,mendoza,20,1525,199297,2476,4727,27,129,0.0,208201
397,2018,3,misiones,48,5749,39617,24747,21212,14674,4547,0.0,110594
398,2018,3,neuquén,1396,2244,55822,1647,23785,15218,9718,6105.0,115935
399,2018,3,río negro,409,5221,75929,512,14912,8470,4332,3719.0,113504
400,2018,3,salta,116,3721,61795,32782,25582,9224,502,0.0,133722
401,2018,3,san juan,22,1326,62525,180,312,3,1,0.0,64369
402,2018,3,san luis,57,109,19170,52940,119,63,2,1902.0,74362
403,2018,3,santa cruz,26,116,32815,778,206,1,3,0.0,33945
404,2018,3,santa fe,467,36786,269211,115907,162545,62479,31266,13911.0,692572
405,2018,3,santiago del estero,41,2550,60260,19116,3806,64,265,0.0,86102
406,2018,3,tierra del fuego,6,187,41569,2270,231,24,13,0.0,44300
407,2018,3,tucumán,16,5993,81559,43282,27062,941,12187,0.0,171040
408,2018,2,buenos aires,1009,81354,1459443,295457,816056,536049,199589,113357.0,3502314
409,2018,2,capital federal,73,9234,290291,219166,445345,264805,142253,0.0,1371167
410,2018,2,catamarca,34,2414,14624,6112,4347,36,6,6500.0,34073
411,2018,2,chaco,70,2968,34167,24282,21887,9251,4630,1035.0,98290
412,2018,2,chubut,67,4471,85598,5369,4,5,9,5010.0,100533
413,2018,2,córdoba,81,21779,219630,102596,244291,78852,34950,8110.0,710289
414,2018,2,corrientes,11,7047,38268,24066,17926,6780,3862,0.0,97960
415,2018,2,entre ríos,18,8179,94459,44570,34281,12012,5920,0.0,199439
416,2018,2,formosa,1110,3568,22409,5176,9727,1313,1243,0.0,44546
417,2018,2,jujuy,345,3320,29319,8083,3977,44,7,0.0,45095
418,2018,2,la pampa,244,8797,68083,2409,965,969,179,698.0,82344
419,2018,2,la rioja,9,1384,40679,4198,5640,20,15,0.0,51945
420,2018,2,mendoza,20,1658,164596,515,266,17,72,33788.0,200932
421,2018,2,misiones,48,6092,39489,23569,23747,11888,3866,0.0,108699
422,2018,2,neuquén,1396,2408,56035,1314,26417,12442,8551,6105.0,114668
423,2018,2,río negro,409,5298,75056,523,16480,6663,3725,3975.0,112129
424,2018,2,salta,116,3990,61763,33285,28431,7239,182,0.0,135006
425,2018,2,san juan,22,1378,57591,11,0,3,0,5068.0,64073
426,2018,2,san luis,57,101,11992,11,0,7,2,9284.0,21454
427,2018,2,santa cruz,26,120,28600,655,100,1,3,4267.0,33772
428,2018,2,santa fe,744,34267,262603,112143,175540,50525,26512,22257.0,684591
429,2018,2,santiago del estero,41,2717,41362,18721,3278,31,31,17589.0,83770
430,2018,2,tierra del fuego,6,188,40912,2217,75,0,0,107.0,43505
431,2018,2,tucumán,16,6735,79899,44968,27059,1084,8784,1305.0,169850
432,2018,1,buenos aires,1514,74766,1445752,292732,886678,480237,184203,105818.0,3471700
433,2018,1,capital federal,89,10039,292566,222737,487826,227953,127384,0.0,1368594
434,2018,1,catamarca,34,2896,14770,6145,3539,41,4,6500.0,33929
435,2018,1,chaco,70,3261,32516,24488,23296,8219,3897,1035.0,96782
436,2018,1,chubut,67,4314,83161,5358,4,5,9,5010.0,97928
437,2018,1,córdoba,281,23922,222815,104300,266259,57137,29228,10049.0,713991
438,2018,1,corrientes,11,5005,37152,24038,19068,5890,3256,0.0,94420
439,2018,1,entre ríos,18,8861,90080,45599,37401,9818,5071,0.0,196848
440,2018,1,formosa,1110,3803,10092,5117,10061,1091,1046,0.0,32320
441,2018,1,jujuy,345,4807,27219,8044,3925,49,4,0.0,44393
442,2018,1,la pampa,245,8119,67104,1616,1076,614,98,3503.0,82375
443,2018,1,la rioja,9,1485,40680,4217,5831,19,1,0.0,52242
444,2018,1,mendoza,20,1662,164599,501,266,19,72,33788.0,200927
445,2018,1,misiones,48,4700,35820,23291,26223,10241,3219,0.0,103542
446,2018,1,neuquén,1396,2367,59468,1311,29012,9709,7378,6105.0,116746
447,2018,1,río negro,409,5333,74894,530,17997,4972,3129,3975.0,111239
448,2018,1,salta,116,4459,60334,33088,30771,5145,88,0.0,134001
449,2018,1,san juan,22,1058,57078,11,0,3,0,5068.0,63240
450,2018,1,san luis,57,101,11920,11,0,7,2,9284.0,21382
451,2018,1,santa cruz,26,120,28600,655,100,1,3,4267.0,33772
452,2018,1,santa fe,1359,33639,262008,108576,188900,39589,22801,23181.0,680053
453,2018,1,santiago del estero,41,2910,41298,18914,3449,33,2,17589.0,84236
454,2018,1,tierra del fuego,6,307,33987,2,0,0,0,107.0,34409
455,2018,1,tucumán,16,7472,78811,45675,26405,1218,7082,1305.0,167984
456,2017,4,buenos aires,3865,55046,1551194,264645,712513,335140,151747,114182.0,3188332
457,2017,4,capital federal,314,31411,517018,284040,458120,178396,114939,0.0,1584238
458,2017,4,catamarca,34,3182,15315,5904,2927,43,2,2151.0,29558
459,2017,4,chaco,70,3432,37144,24088,20123,7290,3289,1035.0,96471
460,2017,4,chubut,67,4313,83676,5355,7,5,9,0.0,93432
461,2017,4,córdoba,291,25411,280837,102892,217602,40898,24251,8429.0,700611
462,2017,4,corrientes,11,5220,41080,23686,16046,5053,2675,0.0,93771
463,2017,4,entre ríos,1685,9078,95466,45189,30010,7958,4113,0.0,193499
464,2017,4,formosa,1110,4061,13220,4867,6996,977,824,0.0,32055
465,2017,4,jujuy,345,5364,26566,7721,3507,44,3,0.0,43550
466,2017,4,la pampa,310,8729,66053,1227,792,391,81,3503.0,81086
467,2017,4,la rioja,9,1488,40777,4083,5813,22,3,0.0,52195
468,2017,4,mendoza,26,1656,177646,438,278,29,81,0.0,180154
469,2017,4,misiones,1053,3900,41723,23131,22262,9091,2735,0.0,103895
470,2017,4,neuquén,1396,2372,68036,1325,22781,7528,6300,6105.0,115843
471,2017,4,río negro,409,5598,81078,485,12502,3447,2440,3719.0,109678
472,2017,4,salta,636,4275,73284,32842,18968,3559,84,0.0,133648
473,2017,4,san juan,22,1062,57525,9,0,2,2,0.0,58622
474,2017,4,san luis,59,101,12822,8,0,1,7,1902.0,14900
475,2017,4,santa cruz,68,78,29073,655,100,1,3,0.0,29978
476,2017,4,santa fe,3109,34132,309998,108939,151329,30736,19602,14119.0,671964
477,2017,4,santiago del estero,41,3091,43544,18773,3359,32,2,0.0,68842
478,2017,4,tierra del fuego,6,310,31334,2,0,0,0,0.0,31652
479,2017,4,tucumán,105,8164,78750,45241,24318,1303,4367,0.0,162248
480,2017,3,buenos aires,6577,51411,1733479,311652,676137,140812,108400,0.0,3028468
481,2017,3,capital federal,283,33924,590689,311411,426300,120675,91917,0.0,1575199
482,2017,3,catamarca,52,3204,15383,5758,2563,50,1,0.0,27011
483,2017,3,chaco,95,3496,40059,23008,20307,3827,2004,0.0,92796
484,2017,3,chubut,436,3989,71843,2336,3,0,0,0.0,78607
485,2017,3,córdoba,327,26154,309161,100113,189302,38131,16741,0.0,679929
486,2017,3,corrientes,24,5629,44305,22785,15576,2635,1607,0.0,92561
487,2017,3,entre ríos,1691,7545,98032,42947,29011,3878,2397,0.0,185501
488,2017,3,formosa,1063,3716,13752,5187,6056,899,459,0.0,31132
489,2017,3,jujuy,337,5723,26835,7369,2962,41,2,0.0,43269
490,2017,3,la pampa,343,8244,64794,855,588,327,51,0.0,75202
491,2017,3,la rioja,16,1497,40882,3899,5604,23,3,0.0,51924
492,2017,3,mendoza,32,95,158461,115,67,29,19,0.0,158818
493,2017,3,misiones,1058,4123,42900,22808,23913,3843,1881,0.0,100526
494,2017,3,neuquén,2036,1457,72532,1034,20213,7067,4937,0.0,109276
495,2017,3,río negro,422,5641,83900,306,10116,2965,1659,0.0,105009
496,2017,3,salta,645,4494,78830,32433,14620,2315,63,0.0,133400
497,2017,3,san juan,31,1077,57582,1,0,2,2,0.0,58695
498,2017,3,san luis,63,3,12325,7,0,1,7,0.0,12406
499,2017,3,santa cruz,188,23,29102,542,66,33,1,0.0,29955
500,2017,3,santa fe,3116,34019,320017,104453,125339,24536,12982,0.0,624462
501,2017,3,santiago del estero,69,3288,40435,18489,3047,30,2,0.0,65360
502,2017,3,tierra del fuego,9,297,33858,0,0,0,0,0.0,34164
503,2017,3,tucumán,109,8948,83070,45302,20514,1361,655,0.0,159959
504,2017,2,buenos aires,7548,47472,1910156,299009,573298,93059,46178,0.0,2976720
505,2017,2,capital federal,556,35663,726223,304970,378571,80234,37977,0.0,1564194
506,2017,2,catamarca,15,3318,15655,5325,2342,47,1,0.0,26703
507,2017,2,chaco,191,3733,42590,22349,18044,3157,545,0.0,90609
508,2017,2,chubut,403,4186,73760,1880,0,0,0,0.0,80229
509,2017,2,córdoba,251,26862,370865,88479,146683,20351,5069,0.0,658560
510,2017,2,corrientes,15,5912,46483,21776,13043,2218,647,0.0,90094
511,2017,2,entre ríos,1680,7944,104422,41800,23524,2604,823,0.0,182797
512,2017,2,formosa,1486,3419,14787,4795,4583,749,139,0.0,29958
513,2017,2,jujuy,311,5877,26915,6974,2538,42,1,0.0,42658
514,2017,2,la pampa,356,8633,59045,558,336,244,21,0.0,69193
515,2017,2,la rioja,9,1554,9304,3599,1796,24,2,0.0,16288
516,2017,2,mendoza,109,24,177203,92,50,5,22,0.0,177505
517,2017,2,misiones,1011,4447,47244,22033,21599,2892,570,0.0,99796
518,2017,2,neuquén,1542,1395,81272,849,18051,4774,1703,0.0,109586
519,2017,2,río negro,973,5606,88085,245,7990,1921,559,0.0,105379
520,2017,2,salta,594,4719,67576,23185,11333,1068,76,0.0,108551
521,2017,2,san juan,15,193,58588,0,0,0,4,0.0,58800
522,2017,2,san luis,8,4,14014,0,0,1,2,0.0,14029
523,2017,2,santa cruz,188,24,30913,541,66,33,0,0.0,31765
524,2017,2,santa fe,4967,38721,311830,92854,97563,16794,4275,0.0,567004
525,2017,2,santiago del estero,26,3539,20384,6432,2802,16,0,0.0,33199
526,2017,2,tierra del fuego,16,285,35409,0,0,0,0,0.0,35710
527,2017,2,tucumán,96,9236,83342,42536,17788,1371,21,0.0,154390
528,2017,1,buenos aires,6017,83918,2057698,402315,523540,90937,22299,0.0,3186724
529,2017,1,capital federal,510,1409,678922,218487,277195,66536,19881,0.0,1262940
530,2017,1,catamarca,15,3328,15861,4901,2161,49,0,0.0,26315
531,2017,1,chaco,191,3835,44544,21467,15671,3025,314,0.0,89047
532,2017,1,chubut,401,4182,73759,1808,0,0,0,0.0,80150
533,2017,1,córdoba,50,28732,391556,82011,118643,19035,2071,0.0,642098
534,2017,1,corrientes,15,6040,48149,20586,11468,2044,303,0.0,88605
535,2017,1,entre ríos,1680,8080,108379,39146,20562,2254,317,0.0,180418
536,2017,1,formosa,1535,3538,15473,4446,4058,635,22,0.0,29707
537,2017,1,jujuy,330,6213,27824,6486,2306,44,0,0.0,43203
538,2017,1,la pampa,362,9279,57739,331,192,165,11,0.0,68079
539,2017,1,la rioja,9,1578,9486,3409,1718,22,2,0.0,16224
540,2017,1,mendoza,106,15,177201,86,50,5,22,0.0,177485
541,2017,1,misiones,1010,4665,45950,23847,19356,2627,166,0.0,97621
542,2017,1,neuquén,1547,1418,83813,902,15130,4223,458,0.0,107491
543,2017,1,río negro,986,5647,89622,246,6738,1594,200,0.0,105033
544,2017,1,salta,579,4861,70922,21554,9386,267,74,0.0,107643
545,2017,1,san juan,8,192,58588,0,0,0,4,0.0,58792
546,2017,1,san luis,8,4,14014,0,0,1,2,0.0,14029
547,2017,1,santa cruz,190,23,31078,474,68,30,0,0.0,31863
548,2017,1,santa fe,4966,39463,340418,77152,83008,15775,1831,0.0,562613
549,2017,1,santiago del estero,26,3772,21659,6218,2786,17,0,0.0,34478
550,2017,1,tierra del fuego,16,285,35409,0,0,0,0,0.0,35710
551,2017,1,tucumán,96,9682,86470,39155,15951,1383,13,0.0,152750
552,2016,4,buenos aires,6055,86281,2085605,403575,467398,72348,17279,0.0,3138541
553,2016,4,capital federal,517,1477,704324,225723,264582,53506,16756,0.0,1266885
554,2016,4,catamarca,15,3478,16519,4889,2077,54,0,0.0,27032
555,2016,4,chaco,191,3983,45634,21323,14887,2586,250,0.0,88854
556,2016,4,chubut,401,4493,73951,1352,0,0,0,0.0,80197
557,2016,4,córdoba,50,29380,404645,77966,108368,15458,1606,0.0,637473
558,2016,4,corrientes,15,6109,48995,20187,10908,1645,234,0.0,88093
559,2016,4,entre ríos,1680,8253,110296,38491,19509,1801,280,0.0,180310
560,2016,4,formosa,1573,3519,15791,4114,3855,649,17,0.0,29518
561,2016,4,jujuy,303,6225,27778,6143,2134,43,0,0.0,42626
562,2016,4,la pampa,368,9789,56694,16,335,132,11,0.0,67345
563,2016,4,la rioja,9,1646,9635,3334,1675,13,3,0.0,16315
564,2016,4,mendoza,114,16,177194,79,49,5,20,0.0,177477
565,2016,4,misiones,1010,4783,47454,23433,18371,2215,126,0.0,97392
566,2016,4,neuquén,1539,1406,84859,792,14153,3073,271,0.0,106093
567,2016,4,río negro,998,2953,92967,248,6317,1174,122,0.0,104779
568,2016,4,salta,577,5027,71636,20787,8611,239,70,0.0,106947
569,2016,4,san juan,8,220,58608,0,0,0,4,0.0,58840
570,2016,4,san luis,8,4,14014,0,0,1,2,0.0,14029
571,2016,4,santa cruz,189,23,31369,342,80,10,0,0.0,32013
572,2016,4,santa fe,4966,40102,349722,74401,77667,13155,1529,0.0,561542
573,2016,4,santiago del estero,26,3925,22246,6178,2664,15,0,0.0,35054
574,2016,4,tierra del fuego,16,285,35409,0,0,0,0,0.0,35710
575,2016,4,tucumán,96,10021,87994,37721,14389,1400,10,0.0,151631
576,2016,3,buenos aires,5856,107945,2148475,393530,399116,52900,13318,0.0,3121140
577,2016,3,capital federal,331,995,759028,208249,240856,38341,13886,0.0,1261686
578,2016,3,catamarca,15,4038,16183,4845,1853,50,0,0.0,26984
579,2016,3,chaco,190,5227,46821,21193,13746,2022,217,0.0,89416
580,2016,3,chubut,466,5190,74375,674,0,0,0,0.0,80705
581,2016,3,córdoba,48,41329,415075,75988,99225,11691,1322,0.0,644678
582,2016,3,corrientes,15,7425,49471,19956,10006,1263,210,0.0,88346
583,2016,3,entre ríos,1768,10657,110844,38665,17737,1307,248,0.0,181226
584,2016,3,formosa,1723,4277,15581,3964,3658,648,10,0.0,29861
585,2016,3,jujuy,286,6878,27425,5943,1978,31,0,0.0,42541
586,2016,3,la pampa,374,10187,55792,15,224,114,11,0.0,66717
587,2016,3,la rioja,9,2349,9686,3316,1562,11,2,0.0,16935
588,2016,3,mendoza,37,10,178186,73,48,5,17,0.0,178376
589,2016,3,misiones,1010,6030,48871,23394,17043,1559,91,0.0,97998
590,2016,3,neuquén,1531,1527,87404,680,12541,2118,225,0.0,106026
591,2016,3,río negro,1007,6026,90689,207,5953,790,99,0.0,104771
592,2016,3,salta,1107,6922,71214,20229,8099,197,50,0.0,107818
593,2016,3,san juan,8,245,58577,0,0,0,2,0.0,58832
594,2016,3,san luis,7,4,14077,0,0,1,2,0.0,14091
595,2016,3,santa cruz,189,22,31904,221,52,9,0,0.0,32397
596,2016,3,santa fe,3958,49501,360606,72657,69864,10210,1308,0.0,568104
597,2016,3,santiago del estero,26,5097,22747,6216,2497,9,0,0.0,36592
598,2016,3,tierra del fuego,16,285,35080,0,0,0,0,0.0,35381
599,2016,3,tucumán,127,12247,87970,36518,13150,1288,4,0.0,151304
600,2016,2,buenos aires,10786,133385,2250898,335296,334723,31494,11933,0.0,3108515
601,2016,2,capital federal,4352,1736,859039,146091,213010,19597,13477,0.0,1257302
602,2016,2,catamarca,15,5736,14742,4567,1496,47,1,0.0,26604
603,2016,2,chaco,197,8063,45823,20346,12090,1571,201,0.0,88291
604,2016,2,chubut,572,5421,73078,775,0,0,0,0.0,79846
605,2016,2,córdoba,258,57050,437547,71980,82618,8355,1242,0.0,659050
606,2016,2,corrientes,41,10018,47916,19200,8851,803,191,0.0,87020
607,2016,2,entre ríos,4734,16368,115000,36917,15522,849,205,0.0,189595
608,2016,2,formosa,1675,5401,14370,3569,3218,593,10,0.0,28836
609,2016,2,jujuy,2561,8292,25301,5589,1750,3,0,0.0,43496
610,2016,2,la pampa,429,10616,63928,15,119,96,11,0.0,75214
611,2016,2,la rioja,10,3151,9043,3190,1344,3,5,0.0,16746
612,2016,2,mendoza,437,30,176922,61,44,5,20,0.0,177519
613,2016,2,misiones,1973,7899,49586,21385,14820,1073,96,0.0,96832
614,2016,2,neuquén,1916,1691,88854,583,10241,1285,208,0.0,104778
615,2016,2,río negro,1189,6107,92158,194,4877,520,86,0.0,105131
616,2016,2,salta,2160,10123,70875,18759,7129,140,49,0.0,109235
617,2016,2,san juan,10,273,57589,0,0,0,4,0.0,57876
618,2016,2,san luis,12,4,13931,0,0,1,2,0.0,13950
619,2016,2,santa cruz,244,26,31995,142,20,0,0,0.0,32427
620,2016,2,santa fe,9486,67325,374960,68505,60469,6509,1277,0.0,588531
621,2016,2,santiago del estero,704,6705,22208,5943,2108,1,0,0.0,37669
622,2016,2,tierra del fuego,16,286,38773,0,0,0,0,0.0,39075
623,2016,2,tucumán,231,18515,83945,33891,11310,1032,2,0.0,148926
624,2016,1,buenos aires,7351,97880,2214760,289929,247372,8315,9529,0.0,2875136
625,2016,1,capital federal,2310,43686,869048,178665,192644,6577,10838,0.0,1303768
626,2016,1,catamarca,15,6102,14653,4241,1334,42,1,0.0,26388
627,2016,1,chaco,194,8755,46304,19388,10587,1238,184,0.0,86650
628,2016,1,chubut,94,5095,72396,1066,0,0,0,0.0,78651
629,2016,1,córdoba,148,59484,414452,65763,66455,4143,1039,0.0,611484
630,2016,1,corrientes,29,10690,47833,18375,7911,526,170,0.0,85534
631,2016,1,entre ríos,2864,17749,104137,35104,14057,457,165,0.0,174533
632,2016,1,formosa,1738,5731,14163,3229,2906,544,5,0.0,28316
633,2016,1,jujuy,2543,8558,22383,5188,1623,0,0,0.0,40295
634,2016,1,la pampa,426,11065,52117,15,78,71,11,0.0,63783
635,2016,1,la rioja,10,3382,9060,2980,1254,2,3,0.0,16691
636,2016,1,mendoza,235,21,175376,47,43,5,17,0.0,175744
637,2016,1,misiones,959,8502,50061,19195,13363,779,68,0.0,92927
638,2016,1,neuquén,1720,1737,86310,479,7893,143,171,0.0,98453
639,2016,1,río negro,1171,6105,90038,203,4246,77,81,0.0,101921
640,2016,1,salta,1119,10765,65646,17748,6643,119,31,0.0,102071
641,2016,1,san juan,9,309,56447,0,0,0,2,0.0,56767
642,2016,1,san luis,8,4,13645,0,0,1,2,0.0,13660
643,2016,1,santa cruz,168,29,32188,8,0,0,0,0.0,32393
644,2016,1,santa fe,6492,71565,353525,64117,51293,3754,1063,0.0,551809
645,2016,1,santiago del estero,703,7219,22805,5769,1898,0,0,0.0,38394
646,2016,1,tierra del fuego,16,285,33003,0,0,0,0,0.0,33304
647,2016,1,tucumán,106,20092,84008,31490,10046,871,0,0.0,146613
648,2015,4,buenos aires,7985,100303,2253197,274560,240188,3835,8180,0.0,2888246
649,2015,4,capital federal,2417,46568,916813,172029,198635,3087,10899,0.0,1350450
650,2015,4,catamarca,15,6513,14484,4106,1313,39,1,0.0,26471
651,2015,4,chaco,194,9593,46771,18608,10092,1136,159,0.0,86553
652,2015,4,chubut,625,5774,71881,168,0,0,0,0.0,78448
653,2015,4,córdoba,148,63746,427471,62989,67151,3336,1088,0.0,625929
654,2015,4,corrientes,29,11248,48104,17877,7569,456,150,0.0,85433
655,2015,4,entre ríos,2865,18883,104224,33989,13668,399,163,0.0,174191
656,2015,4,formosa,1791,6081,14279,2704,2713,519,4,0.0,28091
657,2015,4,jujuy,2551,8876,21867,5044,1587,0,0,0.0,39925
658,2015,4,la pampa,592,12951,48798,16,63,49,10,0.0,62479
659,2015,4,la rioja,10,3638,9127,2937,1215,2,3,0.0,16932
660,2015,4,mendoza,241,23,174719,38,41,5,13,0.0,175080
661,2015,4,misiones,959,9169,51029,17281,13690,675,52,0.0,92855
662,2015,4,neuquén,1727,2061,89678,455,7934,9,175,0.0,102039
663,2015,4,río negro,3282,4473,89062,201,4024,5,75,0.0,101122
664,2015,4,salta,1122,11387,65677,17139,6507,99,5,0.0,101936
665,2015,4,san juan,9,386,55761,0,0,0,2,0.0,56158
666,2015,4,san luis,8,4,13473,0,0,1,2,0.0,13488
667,2015,4,santa cruz,188,26,32338,3,0,0,0,0.0,32555
668,2015,4,santa fe,6659,75770,361264,60985,51258,3079,1189,0.0,560204
669,2015,4,santiago del estero,703,7836,23074,5669,1856,0,0,0.0,39138
670,2015,4,tierra del fuego,16,285,32662,0,0,0,0,0.0,32963
671,2015,4,tucumán,107,21800,83887,29942,9507,837,0,0.0,146080
672,2015,3,buenos aires,8361,107351,2266948,262564,200491,2642,7720,0.0,2856078
673,2015,3,capital federal,2448,49340,942525,159618,175594,2028,10022,0.0,1341574
674,2015,3,catamarca,15,6871,14206,4143,812,43,1,0.0,26091
675,2015,3,chaco,240,10353,47131,19016,7498,979,157,0.0,85374
676,2015,3,chubut,641,5886,71668,167,0,0,0,0.0,78362
677,2015,3,córdoba,150,68765,429787,61109,59372,2582,1048,0.0,622813
678,2015,3,corrientes,33,11921,48127,18168,6111,453,146,0.0,84959
679,2015,3,entre ríos,2863,20385,103990,34788,9924,384,153,0.0,172487
680,2015,3,formosa,1862,6521,14354,2791,1842,379,2,0.0,27751
681,2015,3,jujuy,2549,9278,21588,5169,966,0,0,0.0,39550
682,2015,3,la pampa,613,13087,47660,9,55,39,10,0.0,61473
683,2015,3,la rioja,10,3840,9102,2984,832,0,3,0.0,16771
684,2015,3,mendoza,256,25,173430,45,18,5,13,0.0,173792
685,2015,3,misiones,958,9809,51234,17367,11654,559,43,0.0,91624
686,2015,3,neuquén,1733,2124,85044,210,6599,2,155,0.0,95867
687,2015,3,río negro,3372,4457,88691,99,3826,1,62,0.0,100508
688,2015,3,salta,1126,12223,65405,17451,4318,61,5,0.0,100589
689,2015,3,san juan,9,391,54963,0,0,0,2,0.0,55365
690,2015,3,san luis,9,4,13286,0,0,1,2,0.0,13302
691,2015,3,santa cruz,190,25,32266,2,0,0,0,0.0,32483
692,2015,3,santa fe,6767,80817,363177,59531,42021,2320,1133,0.0,555766
693,2015,3,santiago del estero,703,8332,23158,5956,1249,0,0,0.0,39398
694,2015,3,tierra del fuego,15,285,36408,2,0,0,0,0.0,36710
695,2015,3,tucumán,107,23687,83654,29998,6232,623,0,0.0,144301
696,2015,2,buenos aires,8714,137189,2299705,243503,159922,2010,6712,0.0,2857754
697,2015,2,capital federal,2493,51799,990112,148569,142976,1482,9258,0.0,1346690
698,2015,2,catamarca,15,7253,14003,3776,593,37,1,0.0,25678
699,2015,2,chaco,288,11058,47551,17675,6337,788,149,0.0,83846
700,2015,2,chubut,656,6032,55791,168,0,0,0,0.0,62647
701,2015,2,córdoba,156,72695,434717,54993,46415,1956,903,0.0,611835
702,2015,2,corrientes,34,12542,48015,17184,5039,379,126,0.0,83319
703,2015,2,entre ríos,2864,21986,104043,32293,7867,354,136,0.0,169543
704,2015,2,formosa,1881,6907,14247,2436,1324,257,1,0.0,27053
705,2015,2,jujuy,2479,9474,20248,4792,730,0,0,0.0,37723
706,2015,2,la pampa,5737,8182,46235,27,24,25,10,0.0,60240
707,2015,2,la rioja,10,4082,9093,2680,641,0,3,0.0,16509
708,2015,2,mendoza,268,26,170451,42,16,5,13,0.0,170821
709,2015,2,misiones,958,10360,51671,15022,10072,408,33,0.0,88524
710,2015,2,neuquén,1755,2348,82727,214,5168,2,110,0.0,92324
711,2015,2,río negro,3413,4525,87362,97,3240,1,51,0.0,98689
712,2015,2,salta,1123,13020,64737,16241,3114,29,5,0.0,98269
713,2015,2,san juan,8,410,51568,0,0,0,2,0.0,51988
714,2015,2,san luis,9,4,13204,0,0,1,2,0.0,13220
715,2015,2,santa cruz,210,25,25519,2,0,0,0,0.0,25756
716,2015,2,santa fe,6827,86016,364441,53205,33894,1856,1014,0.0,547253
717,2015,2,santiago del estero,703,8779,23456,5553,888,0,0,0.0,39379
718,2015,2,tierra del fuego,15,285,36073,2,0,0,0,0.0,36375
719,2015,2,tucumán,107,25178,83462,26966,4502,455,0,0.0,140670
720,2015,1,buenos aires,8882,123589,2267852,220070,126958,1561,5700,0.0,2754612
721,2015,1,capital federal,2545,59084,1013510,134151,114569,1195,8401,0.0,1333455
722,2015,1,catamarca,13,7634,13754,3202,517,9,1,0.0,25130
723,2015,1,chaco,26,12053,47425,15883,5346,489,135,0.0,81357
724,2015,1,chubut,651,6176,57333,102,0,0,0,0.0,64262
725,2015,1,córdoba,157,78427,432802,46574,37443,1615,815,0.0,597833
726,2015,1,corrientes,36,13295,47842,15554,4424,235,98,0.0,81484
727,2015,1,entre ríos,2867,23951,104168,28113,6926,274,119,0.0,166418
728,2015,1,formosa,1891,7336,14413,2024,878,157,1,0.0,26700
729,2015,1,jujuy,2458,9754,19858,3939,603,0,0,0.0,36612
730,2015,1,la pampa,6059,8054,45038,26,10,13,10,0.0,59210
731,2015,1,la rioja,11,4201,9379,2207,533,0,3,0.0,16334
732,2015,1,mendoza,287,24,169763,38,16,6,11,0.0,170145
733,2015,1,misiones,958,11136,51906,12387,8543,194,26,0.0,85150
734,2015,1,neuquén,1895,2577,80787,170,4067,2,76,0.0,89574
735,2015,1,río negro,3371,4913,86173,94,2632,2,42,0.0,97227
736,2015,1,salta,1123,14151,64992,13955,2569,15,5,0.0,96810
737,2015,1,san juan,8,445,51346,0,0,0,2,0.0,51801
738,2015,1,san luis,10,8,12720,0,1,0,2,0.0,12741
739,2015,1,santa cruz,205,27,26048,2,0,0,0,0.0,26282
740,2015,1,santa fe,6883,93096,360964,45270,27597,1542,900,0.0,536252
741,2015,1,santiago del estero,701,9236,23136,4796,748,0,0,0.0,38617
742,2015,1,tierra del fuego,14,609,36319,2,0,0,0,0.0,36944
743,2015,1,tucumán,107,27143,83895,23061,3722,334,0,0.0,138262
744,2014,4,buenos aires,8226,132937,2250445,203620,104322,997,5406,0.0,2705954
745,2014,4,capital federal,2698,62896,1038269,123451,95772,890,7997,0.0,1331972
746,2014,4,catamarca,21,8047,14093,2910,421,0,1,0.0,25493
747,2014,4,chaco,483,12837,42106,7908,2600,124,2,0.0,66060
748,2014,4,chubut,1858,6218,60392,70,0,0,0,0.0,68538
749,2014,4,córdoba,1903,85362,427844,41947,30858,1177,782,0.0,589873
750,2014,4,corrientes,40,13860,42182,7513,2106,0,9,0.0,65710
751,2014,4,entre ríos,2311,27801,88649,18318,3584,1,66,0.0,140730
752,2014,4,formosa,1947,7830,14058,1852,473,47,1,0.0,26208
753,2014,4,jujuy,1880,10427,19740,3443,465,0,0,0.0,35955
754,2014,4,la pampa,6266,6879,36520,26,5,4,10,0.0,49710
755,2014,4,la rioja,9,4333,9728,1943,386,0,3,0.0,16402
756,2014,4,mendoza,303,19,169222,36,14,5,12,0.0,169611
757,2014,4,misiones,547,11840,53093,8731,2952,54,12,0.0,77229
758,2014,4,neuquén,1731,2744,80938,126,3621,2,66,0.0,89228
759,2014,4,río negro,3640,4723,85094,94,2319,4,30,0.0,95904
760,2014,4,salta,54,16214,63221,12552,1922,0,4,0.0,93967
761,2014,4,san juan,11,478,51628,0,0,0,2,0.0,52119
762,2014,4,san luis,9,0,13135,0,0,1,2,0.0,13147
763,2014,4,santa cruz,156,1400,24145,1,1,0,0,0.0,25703
764,2014,4,santa fe,8707,99962,359293,36718,21098,869,824,0.0,527471
765,2014,4,santiago del estero,1246,8913,24181,4359,602,0,0,0.0,39301
766,2014,4,tierra del fuego,12,283,31489,2,0,0,0,0.0,31786
767,2014,4,tucumán,17,28746,85091,20631,2733,196,0,0.0,137414
768,2014,3,buenos aires,7355,128187,2281524,156693,68947,243,4232,0.0,2647181
769,2014,3,capital federal,840,78016,1060145,102170,70907,95,6626,0.0,1318799
770,2014,3,catamarca,19,8845,13790,1915,111,0,0,0.0,24680
771,2014,3,chaco,398,14731,41934,5428,1274,5,0,0.0,63770
772,2014,3,chubut,2013,6281,60771,34,0,0,0,0.0,69099
773,2014,3,córdoba,660,98992,435692,28992,18888,84,664,0.0,583972
774,2014,3,corrientes,21,15448,41717,5181,1172,0,0,0.0,63539
775,2014,3,entre ríos,1709,29710,91450,12569,1310,0,48,0.0,136796
776,2014,3,formosa,2001,8323,14202,1324,85,0,0,0.0,25935
777,2014,3,jujuy,127,10979,20216,2305,82,0,0,0.0,33709
778,2014,3,la pampa,6458,6645,41009,24,5,4,10,0.0,54155
779,2014,3,la rioja,10,4785,9720,1337,61,0,0,0.0,15913
780,2014,3,mendoza,35,0,167763,31,12,13,1,0.0,167855
781,2014,3,misiones,640,13637,53510,5928,1606,0,1,0.0,75322
782,2014,3,neuquén,1522,3099,80090,107,2865,10,27,0.0,87720
783,2014,3,río negro,3640,5189,86868,87,1944,8,9,0.0,97745
784,2014,3,salta,732,17481,66026,8314,388,0,0,0.0,92941
785,2014,3,san juan,8,487,51276,0,0,0,0,0.0,51771
786,2014,3,san luis,8,0,13029,0,0,3,0,0.0,13040
787,2014,3,santa cruz,195,1624,24248,1,1,0,0,0.0,26069
788,2014,3,santa fe,8230,112593,357615,23962,12124,38,806,0.0,515368
789,2014,3,santiago del estero,791,9914,23826,2867,142,0,0,0.0,37540
790,2014,3,tierra del fuego,12,336,32348,2,0,0,0,0.0,32698
791,2014,3,tucumán,6,32716,84668,14101,559,4,0,0.0,132054
792,2014,2,buenos aires,6902,162274,2288772,140226,56549,284,4309,0.0,2659316
793,2014,2,capital federal,847,81431,1078213,87359,56004,59,6427,0.0,1310340
794,2014,2,catamarca,19,8844,13794,1915,111,0,0,0.0,24683
795,2014,2,chaco,412,14854,41530,5418,1085,5,0,0.0,63304
796,2014,2,chubut,2064,6582,61868,0,0,0,0,0.0,70514
797,2014,2,córdoba,2105,101598,429536,28698,14824,76,627,0.0,577464
798,2014,2,corrientes,20,15563,41219,5199,956,0,0,0.0,62957
799,2014,2,entre ríos,2187,32781,86757,12564,1162,0,44,0.0,135495
800,2014,2,formosa,2032,8218,13944,1321,85,0,0,0.0,25600
801,2014,2,jujuy,1873,11233,18851,2305,82,0,0,0.0,34344
802,2014,2,la pampa,7032,6761,34089,18,5,4,10,0.0,47919
803,2014,2,la rioja,10,4785,9719,1337,61,0,0,0.0,15912
804,2014,2,mendoza,35,6,166710,31,10,5,10,0.0,166807
805,2014,2,misiones,540,13644,53245,5924,1334,2,0,0.0,74689
806,2014,2,neuquén,1531,3206,79087,92,2289,2,30,0.0,86237
807,2014,2,río negro,3468,5507,84978,78,1569,2,8,0.0,95610
808,2014,2,salta,53,18818,64440,8293,388,0,0,0.0,91992
809,2014,2,san juan,10,507,51129,0,0,0,0,0.0,51646
810,2014,2,san luis,7,0,13045,0,0,1,2,0.0,13055
811,2014,2,santa cruz,153,1637,25374,2,0,0,0,0.0,27166
812,2014,2,santa fe,8515,115197,353559,23939,10058,34,792,0.0,512094
813,2014,2,santiago del estero,1231,9914,23842,2867,142,0,0,0.0,37996
814,2014,2,tierra del fuego,12,334,31198,2,0,0,0,0.0,31546
815,2014,2,tucumán,6,32714,84675,14101,559,4,0,0.0,132059
816,2014,1,buenos aires,8469,171244,2279875,121787,38923,206,4037,0.0,2624542
817,2014,1,capital federal,852,88826,1096050,70293,38798,55,6208,0.0,1301081
818,2014,1,catamarca,19,9147,13330,1672,64,0,0,0.0,24232
819,2014,1,chaco,438,15849,40869,4644,741,5,0,0.0,62546
820,2014,1,chubut,7452,10,61329,0,0,0,0,0.0,68791
821,2014,1,córdoba,2076,107705,423114,24112,9818,40,588,0.0,567453
822,2014,1,corrientes,20,16357,40742,4486,630,0,0,0.0,62235
823,2014,1,entre ríos,2177,35206,85248,10828,746,0,43,0.0,134248
824,2014,1,formosa,2062,8475,13685,1133,67,0,0,0.0,25422
825,2014,1,jujuy,1832,11498,18415,2002,56,0,0,0.0,33803
826,2014,1,la pampa,7434,6535,32501,17,5,4,10,0.0,46506
827,2014,1,la rioja,10,5111,9390,1165,35,0,0,0.0,15711
828,2014,1,mendoza,35,6,166655,19,10,6,9,0.0,166740
829,2014,1,misiones,545,14460,52852,5139,958,0,0,0.0,73954
830,2014,1,neuquén,4133,987,77148,84,1582,2,22,0.0,83958
831,2014,1,río negro,4670,4618,84304,73,1062,1,8,0.0,94736
832,2014,1,salta,53,19677,64061,7192,314,0,0,0.0,91297
833,2014,1,san juan,531,2,51056,0,0,0,0,0.0,51589
834,2014,1,san luis,7,3,12544,0,1,0,2,0.0,12557
835,2014,1,santa cruz,161,1625,24972,1,1,0,0,0.0,26760
836,2014,1,santa fe,8456,124468,345225,20328,6845,23,668,0.0,506013
837,2014,1,santiago del estero,1234,10531,22817,2422,109,0,0,0.0,37113
838,2014,1,tierra del fuego,12,607,30902,6,0,0,0,0.0,31527
839,2014,1,tucumán,6,34672,83210,11779,362,3,0,0.0,130032
